TimeStamp,Read,Write,Stripe
1,0,4096,1
2,832,0,1
3,0,2584192,1
4,0,20480,1
5,0,3712,1
6,832,0,1
7,0,4096,1
8,0,2927752,1
9,0,32768,1
10,0,23688,1
11,0,41782,1
12,832,0,1
13,0,2140992,1
14,0,4096,1
15,832,0,1
16,0,2109696,1
17,0,8192,1
18,832,0,1
19,0,4096,1
20,0,2128816,1
21,0,8192,1
22,832,0,1
23,0,2198192,1
24,0,8192,1
25,0,6832,1
26,832,0,1
27,0,2105600,1
28,0,8192,1
29,832,0,1
30,0,4096,1
31,0,2633912,1
32,0,8192,1
33,832,0,1
34,0,2132136,1
35,0,4096,1
36,832,0,1
37,0,2212848,1
38,0,8192,1
39,0,13296,1
40,832,0,1
41,0,4096,1
42,0,3750184,1
43,0,24576,1
44,0,14632,1
45,0,4096,1
46,0,4096,1
47,0,4096,1
48,0,4096,1
49,1024,0,1
50,0,4096,1
51,4096,0,1
52,4096,0,1
53,0,4096,1
54,4096,0,1
55,4096,0,1
56,0,4096,1
57,1024,0,1
58,1024,0,1
59,0,135168,1
60,0,135168,1
61,0,4096,1
62,8192,0,1
63,4096,0,1
64,8192,0,1
65,0,4198400,1
66,0,4096,1
67,0,4096,1
68,1024,0,1
69,1024,0,1
70,1024,0,1
71,1024,0,1
72,1024,0,1
73,1024,0,1
74,1024,0,1
75,1024,0,1
76,1024,0,1
77,1024,0,1
78,1024,0,1
79,1024,0,1
80,1024,0,1
81,1024,0,1
82,1024,0,1
83,1024,0,1
84,1024,0,1
85,1024,0,1
86,1024,0,1
87,1024,0,1
88,1024,0,1
89,1024,0,1
90,1024,0,1
91,1024,0,1
92,1024,0,1
93,1024,0,1
94,1024,0,1
95,1024,0,1
96,1024,0,1
97,1024,0,1
98,1024,0,1
99,1024,0,1
100,1024,0,1
101,1024,0,1
102,1024,0,1
103,1024,0,1
104,1024,0,1
105,832,0,1
106,0,2107544,1
107,0,4096,1
108,832,0,1
109,0,2106480,1
110,0,4096,1
111,832,0,1
112,0,2104008,1
113,0,4096,1
114,832,0,1
115,0,2100816,1
116,0,4096,1
117,832,0,1
118,0,2104784,1
119,0,4096,1
120,832,0,1
121,0,2120768,1
122,0,4096,1
123,832,0,1
124,0,2104408,1
125,0,4096,1
126,832,0,1
127,0,2103632,1
128,0,4096,1
129,832,0,1
130,0,2102256,1
131,0,4096,1
132,0,4096,1
133,1024,0,1
134,0,4096,1
135,1024,0,1
136,0,4096,1
137,4096,0,1
138,0,4096,1
139,4096,0,1
140,0,4096,1
141,1024,0,1
142,1024,0,1
143,1024,0,1
144,0,4096,1
145,4096,0,1
146,0,4096,1
147,4096,0,1
148,4096,0,1
149,0,4096,1
150,4096,0,1
151,4096,0,1
152,0,4096,1
153,4096,0,1
154,0,4096,1
155,4096,0,1
156,4096,0,1
157,0,4096,1
158,4096,0,1
159,4096,0,1
160,0,4096,1
161,4096,0,1
162,0,4096,1
163,4096,0,1
164,0,4096,1
165,4096,0,1
166,0,4096,1
167,1024,0,1
168,1024,0,1
169,1024,0,1
170,1024,0,1
171,1024,0,1
172,1024,0,1
173,1024,0,1
174,1024,0,1
175,1024,0,1
176,1024,0,1
177,1024,0,1
178,1024,0,1
179,1024,0,1
180,1024,0,1
181,1024,0,1
182,1024,0,1
183,1024,0,1
184,1024,0,1
185,1024,0,1
186,1024,0,1
187,1024,0,1
188,1024,0,1
189,1024,0,1
190,1024,0,1
191,1024,0,1
192,1024,0,1
193,1024,0,1
194,1024,0,1
195,1024,0,1
196,1024,0,1
197,1024,0,1
198,1024,0,1
199,1024,0,1
200,1024,0,1
201,1024,0,1
202,1024,0,1
203,0,4096,1
204,4096,0,1
205,0,4096,1
206,4096,0,1
207,0,4096,1
208,4096,0,1
209,0,4096,1
210,4096,0,1
211,0,4096,1
212,4096,0,1
213,0,4096,1
214,4096,0,1
215,0,4096,1
216,4096,0,1
217,0,4096,1
218,4096,0,1
219,0,4096,1
220,4096,0,1
221,0,4096,1
222,4096,0,1
223,0,4096,1
224,4096,0,1
225,0,4096,1
226,4096,0,1
227,0,4096,1
228,4096,0,1
229,0,4096,1
230,4096,0,1
231,0,4096,1
232,4096,0,1
233,0,4096,1
234,4096,0,1
235,0,4096,1
236,4096,0,1
237,0,4096,1
238,4096,0,1
239,0,4096,1
240,4096,0,1
241,0,4096,1
242,4096,0,1
243,0,4096,1
244,4096,0,1
245,0,4096,1
246,4096,0,1
247,0,4096,1
248,4096,0,1
249,0,4096,1
250,4096,0,1
251,0,4096,1
252,4096,0,1
253,0,4096,1
254,4096,0,1
255,0,4096,1
256,4096,0,1
257,0,4096,1
258,4096,0,1
259,0,4096,1
260,4096,0,1
261,0,4096,1
262,4096,0,1
263,0,4096,1
264,4096,0,1
265,0,4096,1
266,4096,0,1
267,0,4096,1
268,4096,0,1
269,4096,0,1
270,0,4096,1
271,4096,0,1
272,0,4096,1
273,4096,0,1
274,4096,0,1
275,0,4096,1
276,4096,0,1
277,0,4096,1
278,4096,0,1
279,0,4096,1
280,4096,0,1
281,0,4096,1
282,4096,0,1
283,0,4096,1
284,4096,0,1
285,0,4096,1
286,4096,0,1
287,0,4096,1
288,4096,0,1
289,0,4096,1
290,4096,0,1
291,4096,0,1
292,0,4096,1
293,4096,0,1
294,0,4096,1
295,4096,0,1
296,0,4096,1
297,4096,0,1
298,0,4096,1
299,4096,0,1
300,0,4096,1
301,4096,0,1
302,0,4096,1
303,4096,0,1
304,0,4096,1
305,4096,0,1
306,4096,0,1
307,0,4096,1
308,4096,0,1
309,0,4096,1
310,4096,0,1
311,0,4096,1
312,4096,0,1
313,0,4096,1
314,4096,0,1
315,0,4096,1
316,4096,0,1
317,0,4096,1
318,4096,0,1
319,0,4096,1
320,4096,0,1
321,4096,0,1
322,0,4096,1
323,4096,0,1
324,0,4096,1
325,4096,0,1
326,0,4096,1
327,4096,0,1
328,0,4096,1
329,4096,0,1
330,0,4096,1
331,4096,0,1
332,0,4096,1
333,4096,0,1
334,0,4096,1
335,4096,0,1
336,4096,0,1
337,0,4096,1
338,4096,0,1
339,0,4096,1
340,4096,0,1
341,4096,0,1
342,0,4096,1
343,4096,0,1
344,0,4096,1
345,4096,0,1
346,4096,0,1
347,0,4096,1
348,4096,0,1
349,0,4096,1
350,4096,0,1
351,0,4096,1
352,4096,0,1
353,0,4096,1
354,4096,0,1
355,0,4096,1
356,4096,0,1
357,0,4096,1
358,4096,0,1
359,0,4096,1
360,4096,0,1
361,0,4096,1
362,4096,0,1
363,4096,0,1
364,0,4096,1
365,4096,0,1
366,0,4096,1
367,4096,0,1
368,0,4096,1
369,4096,0,1
370,0,4096,1
371,4096,0,1
372,0,4096,1
373,4096,0,1
374,0,4096,1
375,4096,0,1
376,0,4096,1
377,4096,0,1
378,4096,0,1
379,0,4096,1
380,4096,0,1
381,0,4096,1
382,4096,0,1
383,0,4096,1
384,4096,0,1
385,0,4096,1
386,4096,0,1
387,0,4096,1
388,4096,0,1
389,0,4096,1
390,4096,0,1
391,0,4096,1
392,4096,0,1
393,4096,0,1
394,0,4096,1
395,4096,0,1
396,0,4096,1
397,4096,0,1
398,0,4096,1
399,4096,0,1
400,0,4096,1
401,4096,0,1
402,0,4096,1
403,4096,0,1
404,0,4096,1
405,4096,0,1
406,0,4096,1
407,4096,0,1
408,4096,0,1
409,0,4096,1
410,4096,0,1
411,0,4096,1
412,4096,0,1
413,4096,0,1
414,0,4096,1
415,4096,0,1
416,0,4096,1
417,4096,0,1
418,4096,0,1
419,0,4096,1
420,4096,0,1
421,0,4096,1
422,4096,0,1
423,0,4096,1
424,4096,0,1
425,0,4096,1
426,4096,0,1
427,0,4096,1
428,4096,0,1
429,0,4096,1
430,4096,0,1
431,0,4096,1
432,4096,0,1
433,0,4096,1
434,4096,0,1
435,4096,0,1
436,0,4096,1
437,4096,0,1
438,0,4096,1
439,4096,0,1
440,0,4096,1
441,4096,0,1
442,0,4096,1
443,4096,0,1
444,0,4096,1
445,4096,0,1
446,0,4096,1
447,4096,0,1
448,0,4096,1
449,4096,0,1
450,4096,0,1
451,0,4096,1
452,4096,0,1
453,0,4096,1
454,4096,0,1
455,0,4096,1
456,4096,0,1
457,0,4096,1
458,4096,0,1
459,0,4096,1
460,4096,0,1
461,0,4096,1
462,4096,0,1
463,0,4096,1
464,4096,0,1
465,4096,0,1
466,0,4096,1
467,4096,0,1
468,0,4096,1
469,4096,0,1
470,0,4096,1
471,4096,0,1
472,0,4096,1
473,4096,0,1
474,0,4096,1
475,4096,0,1
476,0,4096,1
477,4096,0,1
478,0,4096,1
479,4096,0,1
480,4096,0,1
481,0,4096,1
482,4096,0,1
483,0,4096,1
484,4096,0,1
485,4096,0,1
486,0,4096,1
487,4096,0,1
488,0,4096,1
489,4096,0,1
490,4096,0,1
491,0,4096,1
492,4096,0,1
493,0,4096,1
494,4096,0,1
495,0,4096,1
496,4096,0,1
497,0,4096,1
498,4096,0,1
499,0,4096,1
500,4096,0,1
501,0,4096,1
502,4096,0,1
503,0,4096,1
504,4096,0,1
505,0,4096,1
506,4096,0,1
507,4096,0,1
508,0,4096,1
509,4096,0,1
510,0,4096,1
511,4096,0,1
512,0,4096,1
513,4096,0,1
514,0,4096,1
515,4096,0,1
516,0,4096,1
517,4096,0,1
518,0,4096,1
519,4096,0,1
520,0,4096,1
521,4096,0,1
522,4096,0,1
523,0,4096,1
524,4096,0,1
525,0,4096,1
526,4096,0,1
527,0,4096,1
528,4096,0,1
529,0,4096,1
530,4096,0,1
531,0,4096,1
532,4096,0,1
533,0,4096,1
534,4096,0,1
535,0,4096,1
536,4096,0,1
537,4096,0,1
538,0,4096,1
539,4096,0,1
540,0,4096,1
541,4096,0,1
542,0,4096,1
543,4096,0,1
544,0,4096,1
545,4096,0,1
546,0,4096,1
547,4096,0,1
548,0,4096,1
549,4096,0,1
550,0,4096,1
551,4096,0,1
552,4096,0,1
553,0,4096,1
554,4096,0,1
555,0,4096,1
556,4096,0,1
557,4096,0,1
558,0,4096,1
559,4096,0,1
560,0,4096,1
561,4096,0,1
562,4096,0,1
563,0,4096,1
564,4096,0,1
565,0,4096,1
566,4096,0,1
567,0,4096,1
568,4096,0,1
569,0,4096,1
570,4096,0,1
571,0,4096,1
572,4096,0,1
573,0,4096,1
574,4096,0,1
575,0,4096,1
576,4096,0,1
577,0,4096,1
578,4096,0,1
579,4096,0,1
580,0,4096,1
581,4096,0,1
582,0,4096,1
583,4096,0,1
584,0,4096,1
585,4096,0,1
586,0,4096,1
587,4096,0,1
588,0,4096,1
589,4096,0,1
590,0,4096,1
591,4096,0,1
592,0,4096,1
593,4096,0,1
594,4096,0,1
595,0,4096,1
596,4096,0,1
597,0,4096,1
598,4096,0,1
599,0,4096,1
600,4096,0,1
601,0,4096,1
602,4096,0,1
603,0,4096,1
604,4096,0,1
605,0,4096,1
606,4096,0,1
607,0,4096,1
608,4096,0,1
609,4096,0,1
610,0,4096,1
611,4096,0,1
612,0,4096,1
613,4096,0,1
614,0,4096,1
615,4096,0,1
616,0,4096,1
617,4096,0,1
618,0,4096,1
619,4096,0,1
620,0,4096,1
621,4096,0,1
622,0,4096,1
623,4096,0,1
624,4096,0,1
625,0,4096,1
626,4096,0,1
627,0,4096,1
628,4096,0,1
629,4096,0,1
630,0,4096,1
631,4096,0,1
632,0,4096,1
633,4096,0,1
634,4096,0,1
635,0,4096,1
636,4096,0,1
637,0,4096,1
638,4096,0,1
639,0,4096,1
640,4096,0,1
641,0,4096,1
642,4096,0,1
643,0,4096,1
644,4096,0,1
645,0,4096,1
646,4096,0,1
647,0,4096,1
648,4096,0,1
649,0,4096,1
650,4096,0,1
651,4096,0,1
652,0,4096,1
653,4096,0,1
654,0,4096,1
655,4096,0,1
656,0,4096,1
657,4096,0,1
658,0,4096,1
659,4096,0,1
660,0,4096,1
661,4096,0,1
662,0,4096,1
663,4096,0,1
664,0,4096,1
665,4096,0,1
666,4096,0,1
667,0,4096,1
668,4096,0,1
669,0,4096,1
670,4096,0,1
671,0,4096,1
672,4096,0,1
673,0,4096,1
674,4096,0,1
675,0,4096,1
676,4096,0,1
677,0,4096,1
678,4096,0,1
679,0,4096,1
680,4096,0,1
681,4096,0,1
682,0,4096,1
683,4096,0,1
684,0,4096,1
685,4096,0,1
686,0,4096,1
687,4096,0,1
688,0,4096,1
689,4096,0,1
690,0,4096,1
691,4096,0,1
692,0,4096,1
693,4096,0,1
694,0,4096,1
695,4096,0,1
696,4096,0,1
697,0,4096,1
698,4096,0,1
699,0,4096,1
700,4096,0,1
701,4096,0,1
702,0,4096,1
703,4096,0,1
704,0,4096,1
705,4096,0,1
706,4096,0,1
707,0,4096,1
708,4096,0,1
709,0,4096,1
710,4096,0,1
711,0,4096,1
712,4096,0,1
713,0,4096,1
714,4096,0,1
715,0,4096,1
716,4096,0,1
717,0,4096,1
718,4096,0,1
719,0,4096,1
720,4096,0,1
721,0,4096,1
722,4096,0,1
723,4096,0,1
724,0,4096,1
725,4096,0,1
726,0,4096,1
727,4096,0,1
728,0,4096,1
729,4096,0,1
730,0,4096,1
731,4096,0,1
732,0,4096,1
733,4096,0,1
734,0,4096,1
735,4096,0,1
736,0,4096,1
737,4096,0,1
738,4096,0,1
739,0,4096,1
740,4096,0,1
741,0,4096,1
742,4096,0,1
743,0,4096,1
744,4096,0,1
745,0,4096,1
746,4096,0,1
747,0,4096,1
748,4096,0,1
749,0,4096,1
750,4096,0,1
751,0,4096,1
752,4096,0,1
753,4096,0,1
754,0,4096,1
755,4096,0,1
756,0,4096,1
757,4096,0,1
758,0,4096,1
759,4096,0,1
760,0,4096,1
761,4096,0,1
762,0,4096,1
763,4096,0,1
764,0,4096,1
765,4096,0,1
766,0,4096,1
767,4096,0,1
768,4096,0,1
769,0,4096,1
770,4096,0,1
771,0,4096,1
772,4096,0,1
773,4096,0,1
774,0,4096,1
775,4096,0,1
776,0,4096,1
777,4096,0,1
778,4096,0,1
779,0,4096,1
780,4096,0,1
781,0,4096,1
782,4096,0,1
783,0,4096,1
784,4096,0,1
785,0,4096,1
786,4096,0,1
787,0,4096,1
788,4096,0,1
789,0,4096,1
790,4096,0,1
791,0,4096,1
792,4096,0,1
793,0,4096,1
794,4096,0,1
795,4096,0,1
796,0,4096,1
797,4096,0,1
798,0,4096,1
799,4096,0,1
800,0,4096,1
801,4096,0,1
802,0,4096,1
803,4096,0,1
804,0,4096,1
805,4096,0,1
806,0,4096,1
807,4096,0,1
808,0,4096,1
809,4096,0,1
810,4096,0,1
811,0,4096,1
812,4096,0,1
813,0,4096,1
814,4096,0,1
815,0,4096,1
816,4096,0,1
817,0,4096,1
818,4096,0,1
819,0,4096,1
820,4096,0,1
821,0,4096,1
822,4096,0,1
823,0,4096,1
824,4096,0,1
825,4096,0,1
826,0,4096,1
827,4096,0,1
828,0,4096,1
829,4096,0,1
830,0,4096,1
831,4096,0,1
832,0,4096,1
833,4096,0,1
834,0,4096,1
835,4096,0,1
836,0,4096,1
837,4096,0,1
838,0,4096,1
839,4096,0,1
840,4096,0,1
841,0,4096,1
842,4096,0,1
843,0,4096,1
844,4096,0,1
845,4096,0,1
846,0,4096,1
847,4096,0,1
848,0,4096,1
849,4096,0,1
850,4096,0,1
851,0,4096,1
852,4096,0,1
853,0,4096,1
854,4096,0,1
855,0,4096,1
856,4096,0,1
857,0,4096,1
858,4096,0,1
859,0,4096,1
860,4096,0,1
861,0,4096,1
862,4096,0,1
863,0,4096,1
864,4096,0,1
865,0,4096,1
866,4096,0,1
867,4096,0,1
868,0,4096,1
869,4096,0,1
870,0,4096,1
871,4096,0,1
872,0,4096,1
873,4096,0,1
874,0,4096,1
875,4096,0,1
876,0,4096,1
877,4096,0,1
878,0,4096,1
879,4096,0,1
880,0,4096,1
881,4096,0,1
882,4096,0,1
883,0,4096,1
884,4096,0,1
885,0,4096,1
886,4096,0,1
887,0,4096,1
888,4096,0,1
889,0,4096,1
890,4096,0,1
891,0,4096,1
892,4096,0,1
893,0,4096,1
894,4096,0,1
895,0,4096,1
896,4096,0,1
897,4096,0,1
898,0,4096,1
899,4096,0,1
900,0,4096,1
901,4096,0,1
902,0,4096,1
903,4096,0,1
904,0,4096,1
905,4096,0,1
906,0,4096,1
907,4096,0,1
908,0,4096,1
909,4096,0,1
910,0,4096,1
911,4096,0,1
912,4096,0,1
913,0,4096,1
914,4096,0,1
915,0,4096,1
916,4096,0,1
917,4096,0,1
918,0,4096,1
919,4096,0,1
920,0,4096,1
921,4096,0,1
922,4096,0,1
923,0,4096,1
924,4096,0,1
925,0,4096,1
926,4096,0,1
927,0,4096,1
928,4096,0,1
929,0,4096,1
930,4096,0,1
931,0,4096,1
932,4096,0,1
933,0,4096,1
934,4096,0,1
935,0,4096,1
936,4096,0,1
937,0,4096,1
938,4096,0,1
939,4096,0,1
940,0,4096,1
941,4096,0,1
942,0,4096,1
943,4096,0,1
944,0,4096,1
945,4096,0,1
946,0,4096,1
947,4096,0,1
948,0,4096,1
949,4096,0,1
950,0,4096,1
951,4096,0,1
952,0,4096,1
953,4096,0,1
954,4096,0,1
955,0,4096,1
956,4096,0,1
957,0,4096,1
958,4096,0,1
959,0,4096,1
960,4096,0,1
961,0,4096,1
962,4096,0,1
963,0,4096,1
964,4096,0,1
965,0,4096,1
966,4096,0,1
967,0,4096,1
968,4096,0,1
969,4096,0,1
970,0,4096,1
971,4096,0,1
972,0,4096,1
973,4096,0,1
974,0,4096,1
975,4096,0,1
976,0,4096,1
977,4096,0,1
978,0,4096,1
979,4096,0,1
980,0,4096,1
981,4096,0,1
982,0,4096,1
983,4096,0,1
984,4096,0,1
985,0,4096,1
986,4096,0,1
987,0,4096,1
988,4096,0,1
989,4096,0,1
990,0,4096,1
991,4096,0,1
992,0,4096,1
993,4096,0,1
994,4096,0,1
995,0,4096,1
996,4096,0,1
997,0,4096,1
998,4096,0,1
999,0,4096,1
1000,4096,0,1
1001,0,4096,1
1002,4096,0,1
1003,0,4096,1
1004,4096,0,1
1005,0,4096,1
1006,4096,0,1
1007,0,4096,1
1008,4096,0,1
1009,0,4096,1
1010,4096,0,1
1011,4096,0,1
1012,0,4096,1
1013,4096,0,1
1014,0,4096,1
1015,4096,0,1
1016,0,4096,1
1017,4096,0,1
1018,0,4096,1
1019,4096,0,1
1020,0,4096,1
1021,4096,0,1
1022,0,4096,1
1023,4096,0,1
1024,0,4096,1
1025,4096,0,1
1026,4096,0,1
1027,0,4096,1
1028,4096,0,1
1029,0,4096,1
1030,4096,0,1
1031,0,4096,1
1032,4096,0,1
1033,0,4096,1
1034,4096,0,1
1035,0,4096,1
1036,4096,0,1
1037,0,4096,1
1038,4096,0,1
1039,0,4096,1
1040,4096,0,1
1041,4096,0,1
1042,0,4096,1
1043,4096,0,1
1044,0,4096,1
1045,4096,0,1
1046,0,4096,1
1047,4096,0,1
1048,0,4096,1
1049,4096,0,1
1050,0,4096,1
1051,4096,0,1
1052,0,4096,1
1053,4096,0,1
1054,0,4096,1
1055,4096,0,1
1056,4096,0,1
1057,0,4096,1
1058,4096,0,1
1059,0,4096,1
1060,4096,0,1
1061,4096,0,1
1062,0,4096,1
1063,4096,0,1
1064,0,4096,1
1065,4096,0,1
1066,4096,0,1
1067,0,4096,1
1068,4096,0,1
1069,0,4096,1
1070,4096,0,1
1071,0,4096,1
1072,4096,0,1
1073,0,4096,1
1074,4096,0,1
1075,0,4096,1
1076,4096,0,1
1077,0,4096,1
1078,4096,0,1
1079,0,4096,1
1080,4096,0,1
1081,0,4096,1
1082,4096,0,1
1083,4096,0,1
1084,0,4096,1
1085,4096,0,1
1086,0,4096,1
1087,4096,0,1
1088,0,4096,1
1089,4096,0,1
1090,0,4096,1
1091,4096,0,1
1092,0,4096,1
1093,4096,0,1
1094,0,4096,1
1095,4096,0,1
1096,0,4096,1
1097,4096,0,1
1098,4096,0,1
1099,0,4096,1
1100,4096,0,1
1101,0,4096,1
1102,4096,0,1
1103,0,4096,1
1104,4096,0,1
1105,0,4096,1
1106,4096,0,1
1107,0,4096,1
1108,4096,0,1
1109,0,4096,1
1110,4096,0,1
1111,0,4096,1
1112,4096,0,1
1113,4096,0,1
1114,0,4096,1
1115,4096,0,1
1116,0,4096,1
1117,4096,0,1
1118,0,4096,1
1119,4096,0,1
1120,0,4096,1
1121,4096,0,1
1122,0,4096,1
1123,4096,0,1
1124,0,4096,1
1125,4096,0,1
1126,0,4096,1
1127,4096,0,1
1128,4096,0,1
1129,0,4096,1
1130,4096,0,1
1131,0,4096,1
1132,4096,0,1
1133,4096,0,1
1134,0,4096,1
1135,4096,0,1
1136,0,4096,1
1137,4096,0,1
1138,4096,0,1
1139,0,4096,1
1140,4096,0,1
1141,0,4096,1
1142,4096,0,1
1143,0,4096,1
1144,4096,0,1
1145,0,4096,1
1146,4096,0,1
1147,0,4096,1
1148,4096,0,1
1149,0,4096,1
1150,4096,0,1
1151,0,4096,1
1152,4096,0,1
1153,0,4096,1
1154,4096,0,1
1155,4096,0,1
1156,0,4096,1
1157,4096,0,1
1158,0,4096,1
1159,4096,0,1
1160,0,4096,1
1161,4096,0,1
1162,0,4096,1
1163,4096,0,1
1164,0,4096,1
1165,4096,0,1
1166,0,4096,1
1167,4096,0,1
1168,0,4096,1
1169,4096,0,1
1170,4096,0,1
1171,0,4096,1
1172,4096,0,1
1173,0,4096,1
1174,4096,0,1
1175,0,4096,1
1176,4096,0,1
1177,0,4096,1
1178,4096,0,1
1179,0,4096,1
1180,4096,0,1
1181,0,4096,1
1182,4096,0,1
1183,0,4096,1
1184,4096,0,1
1185,4096,0,1
1186,0,4096,1
1187,4096,0,1
1188,0,4096,1
1189,4096,0,1
1190,0,4096,1
1191,4096,0,1
1192,0,4096,1
1193,4096,0,1
1194,0,4096,1
1195,4096,0,1
1196,0,4096,1
1197,4096,0,1
1198,0,4096,1
1199,4096,0,1
1200,4096,0,1
1201,0,4096,1
1202,4096,0,1
1203,0,4096,1
1204,4096,0,1
1205,4096,0,1
1206,0,4096,1
1207,4096,0,1
1208,0,4096,1
1209,4096,0,1
1210,4096,0,1
1211,0,4096,1
1212,4096,0,1
1213,0,4096,1
1214,4096,0,1
1215,0,4096,1
1216,4096,0,1
1217,0,4096,1
1218,4096,0,1
1219,0,4096,1
1220,4096,0,1
1221,0,4096,1
1222,4096,0,1
1223,0,4096,1
1224,4096,0,1
1225,0,4096,1
1226,4096,0,1
1227,4096,0,1
1228,0,4096,1
1229,4096,0,1
1230,0,4096,1
1231,4096,0,1
1232,0,4096,1
1233,4096,0,1
1234,0,4096,1
1235,4096,0,1
1236,0,4096,1
1237,4096,0,1
1238,0,4096,1
1239,4096,0,1
1240,0,4096,1
1241,4096,0,1
1242,4096,0,1
1243,0,4096,1
1244,4096,0,1
1245,0,4096,1
1246,4096,0,1
1247,0,4096,1
1248,4096,0,1
1249,0,4096,1
1250,4096,0,1
1251,0,4096,1
1252,4096,0,1
1253,0,4096,1
1254,4096,0,1
1255,0,4096,1
1256,4096,0,1
1257,4096,0,1
1258,0,4096,1
1259,4096,0,1
1260,0,4096,1
1261,4096,0,1
1262,0,4096,1
1263,4096,0,1
1264,0,4096,1
1265,4096,0,1
1266,0,4096,1
1267,4096,0,1
1268,0,4096,1
1269,4096,0,1
1270,0,4096,1
1271,4096,0,1
1272,4096,0,1
1273,0,4096,1
1274,4096,0,1
1275,0,4096,1
1276,4096,0,1
1277,4096,0,1
1278,0,4096,1
1279,4096,0,1
1280,0,4096,1
1281,4096,0,1
1282,4096,0,1
1283,0,4096,1
1284,4096,0,1
1285,0,4096,1
1286,4096,0,1
1287,0,4096,1
1288,4096,0,1
1289,0,4096,1
1290,4096,0,1
1291,0,4096,1
1292,4096,0,1
1293,0,4096,1
1294,4096,0,1
1295,0,4096,1
1296,4096,0,1
1297,0,4096,1
1298,4096,0,1
1299,4096,0,1
1300,0,4096,1
1301,4096,0,1
1302,0,4096,1
1303,4096,0,1
1304,0,4096,1
1305,4096,0,1
1306,0,4096,1
1307,4096,0,1
1308,0,4096,1
1309,4096,0,1
1310,0,4096,1
1311,4096,0,1
1312,0,4096,1
1313,4096,0,1
1314,4096,0,1
1315,0,4096,1
1316,4096,0,1
1317,0,4096,1
1318,4096,0,1
1319,0,4096,1
1320,4096,0,1
1321,0,4096,1
1322,4096,0,1
1323,0,4096,1
1324,4096,0,1
1325,0,4096,1
1326,4096,0,1
1327,0,4096,1
1328,4096,0,1
1329,4096,0,1
1330,0,4096,1
1331,4096,0,1
1332,0,4096,1
1333,4096,0,1
1334,0,4096,1
1335,4096,0,1
1336,0,4096,1
1337,4096,0,1
1338,0,4096,1
1339,4096,0,1
1340,0,4096,1
1341,4096,0,1
1342,0,4096,1
1343,4096,0,1
1344,4096,0,1
1345,0,4096,1
1346,4096,0,1
1347,0,4096,1
1348,4096,0,1
1349,4096,0,1
1350,0,4096,1
1351,4096,0,1
1352,0,4096,1
1353,4096,0,1
1354,4096,0,1
1355,0,4096,1
1356,4096,0,1
1357,0,4096,1
1358,4096,0,1
1359,0,4096,1
1360,4096,0,1
1361,0,4096,1
1362,4096,0,1
1363,0,4096,1
1364,4096,0,1
1365,0,4096,1
1366,4096,0,1
1367,0,4096,1
1368,4096,0,1
1369,0,4096,1
1370,4096,0,1
1371,4096,0,1
1372,0,4096,1
1373,4096,0,1
1374,0,4096,1
1375,4096,0,1
1376,0,4096,1
1377,4096,0,1
1378,0,4096,1
1379,4096,0,1
1380,0,4096,1
1381,4096,0,1
1382,0,4096,1
1383,4096,0,1
1384,0,4096,1
1385,4096,0,1
1386,4096,0,1
1387,0,4096,1
1388,4096,0,1
1389,0,4096,1
1390,4096,0,1
1391,0,4096,1
1392,4096,0,1
1393,0,4096,1
1394,4096,0,1
1395,0,4096,1
1396,4096,0,1
1397,0,4096,1
1398,4096,0,1
1399,0,4096,1
1400,4096,0,1
1401,4096,0,1
1402,0,4096,1
1403,4096,0,1
1404,0,4096,1
1405,4096,0,1
1406,0,4096,1
1407,4096,0,1
1408,0,4096,1
1409,4096,0,1
1410,0,4096,1
1411,4096,0,1
1412,0,4096,1
1413,4096,0,1
1414,0,4096,1
1415,4096,0,1
1416,4096,0,1
1417,0,4096,1
1418,4096,0,1
1419,0,4096,1
1420,4096,0,1
1421,4096,0,1
1422,0,4096,1
1423,4096,0,1
1424,0,4096,1
1425,4096,0,1
1426,4096,0,1
1427,0,4096,1
1428,4096,0,1
1429,0,4096,1
1430,4096,0,1
1431,0,4096,1
1432,4096,0,1
1433,0,4096,1
1434,4096,0,1
1435,0,4096,1
1436,4096,0,1
1437,0,4096,1
1438,4096,0,1
1439,0,4096,1
1440,4096,0,1
1441,0,4096,1
1442,4096,0,1
1443,4096,0,1
1444,0,4096,1
1445,4096,0,1
1446,0,4096,1
1447,4096,0,1
1448,0,4096,1
1449,4096,0,1
1450,0,4096,1
1451,4096,0,1
1452,0,4096,1
1453,4096,0,1
1454,0,4096,1
1455,4096,0,1
1456,0,4096,1
1457,4096,0,1
1458,4096,0,1
1459,0,4096,1
1460,4096,0,1
1461,0,4096,1
1462,4096,0,1
1463,0,4096,1
1464,4096,0,1
1465,0,4096,1
1466,4096,0,1
1467,0,4096,1
1468,4096,0,1
1469,0,4096,1
1470,4096,0,1
1471,0,4096,1
1472,4096,0,1
1473,4096,0,1
1474,0,4096,1
1475,4096,0,1
1476,0,4096,1
1477,4096,0,1
1478,0,4096,1
1479,4096,0,1
1480,0,4096,1
1481,4096,0,1
1482,0,4096,1
1483,4096,0,1
1484,0,4096,1
1485,4096,0,1
1486,0,4096,1
1487,4096,0,1
1488,4096,0,1
1489,0,4096,1
1490,4096,0,1
1491,0,4096,1
1492,4096,0,1
1493,4096,0,1
1494,0,4096,1
1495,4096,0,1
1496,0,4096,1
1497,4096,0,1
1498,4096,0,1
1499,0,4096,1
1500,4096,0,1
1501,0,4096,1
1502,4096,0,1
1503,0,4096,1
1504,4096,0,1
1505,0,4096,1
1506,4096,0,1
1507,0,4096,1
1508,4096,0,1
1509,0,4096,1
1510,4096,0,1
1511,0,4096,1
1512,4096,0,1
1513,0,4096,1
1514,4096,0,1
1515,4096,0,1
1516,0,4096,1
1517,4096,0,1
1518,0,4096,1
1519,4096,0,1
1520,0,4096,1
1521,4096,0,1
1522,0,4096,1
1523,4096,0,1
1524,0,4096,1
1525,4096,0,1
1526,0,4096,1
1527,4096,0,1
1528,0,4096,1
1529,4096,0,1
1530,4096,0,1
1531,0,4096,1
1532,4096,0,1
1533,0,4096,1
1534,4096,0,1
1535,0,4096,1
1536,4096,0,1
1537,0,4096,1
1538,4096,0,1
1539,0,4096,1
1540,4096,0,1
1541,0,4096,1
1542,4096,0,1
1543,0,4096,1
1544,4096,0,1
1545,4096,0,1
1546,0,4096,1
1547,4096,0,1
1548,0,4096,1
1549,4096,0,1
1550,0,4096,1
1551,4096,0,1
1552,0,4096,1
1553,4096,0,1
1554,0,4096,1
1555,4096,0,1
1556,0,4096,1
1557,4096,0,1
1558,0,4096,1
1559,4096,0,1
1560,4096,0,1
1561,0,4096,1
1562,4096,0,1
1563,0,4096,1
1564,4096,0,1
1565,4096,0,1
1566,0,4096,1
1567,4096,0,1
1568,0,4096,1
1569,4096,0,1
1570,4096,0,1
1571,0,4096,1
1572,4096,0,1
1573,0,4096,1
1574,4096,0,1
1575,0,4096,1
1576,4096,0,1
1577,0,4096,1
1578,4096,0,1
1579,0,4096,1
1580,4096,0,1
1581,0,4096,1
1582,4096,0,1
1583,0,4096,1
1584,4096,0,1
1585,0,4096,1
1586,4096,0,1
1587,4096,0,1
1588,0,4096,1
1589,4096,0,1
1590,0,4096,1
1591,4096,0,1
1592,0,4096,1
1593,4096,0,1
1594,0,4096,1
1595,4096,0,1
1596,0,4096,1
1597,4096,0,1
1598,0,4096,1
1599,4096,0,1
1600,0,4096,1
1601,4096,0,1
1602,4096,0,1
1603,0,4096,1
1604,4096,0,1
1605,0,4096,1
1606,4096,0,1
1607,0,4096,1
1608,4096,0,1
1609,0,4096,1
1610,4096,0,1
1611,0,4096,1
1612,4096,0,1
1613,0,4096,1
1614,4096,0,1
1615,0,4096,1
1616,4096,0,1
1617,4096,0,1
1618,0,4096,1
1619,4096,0,1
1620,0,4096,1
1621,4096,0,1
1622,0,4096,1
1623,4096,0,1
1624,0,4096,1
1625,4096,0,1
1626,0,4096,1
1627,4096,0,1
1628,0,4096,1
1629,4096,0,1
1630,0,4096,1
1631,4096,0,1
1632,4096,0,1
1633,0,4096,1
1634,4096,0,1
1635,0,4096,1
1636,4096,0,1
1637,4096,0,1
1638,0,4096,1
1639,4096,0,1
1640,0,4096,1
1641,4096,0,1
1642,4096,0,1
1643,0,4096,1
1644,4096,0,1
1645,0,4096,1
1646,4096,0,1
1647,0,4096,1
1648,4096,0,1
1649,0,4096,1
1650,4096,0,1
1651,0,4096,1
1652,4096,0,1
1653,0,4096,1
1654,4096,0,1
1655,0,4096,1
1656,4096,0,1
1657,0,4096,1
1658,4096,0,1
1659,4096,0,1
1660,0,4096,1
1661,4096,0,1
1662,0,4096,1
1663,4096,0,1
1664,0,4096,1
1665,4096,0,1
1666,0,4096,1
1667,4096,0,1
1668,0,4096,1
1669,4096,0,1
1670,0,4096,1
1671,4096,0,1
1672,0,4096,1
1673,4096,0,1
1674,4096,0,1
1675,0,4096,1
1676,4096,0,1
1677,0,4096,1
1678,4096,0,1
1679,0,4096,1
1680,4096,0,1
1681,0,4096,1
1682,4096,0,1
1683,0,4096,1
1684,4096,0,1
1685,0,4096,1
1686,4096,0,1
1687,0,4096,1
1688,4096,0,1
1689,4096,0,1
1690,0,4096,1
1691,4096,0,1
1692,0,4096,1
1693,4096,0,1
1694,0,4096,1
1695,4096,0,1
1696,0,4096,1
1697,4096,0,1
1698,0,4096,1
1699,4096,0,1
1700,0,4096,1
1701,4096,0,1
1702,0,4096,1
1703,4096,0,1
1704,4096,0,1
1705,0,4096,1
1706,4096,0,1
1707,0,4096,1
1708,4096,0,1
1709,4096,0,1
1710,0,4096,1
1711,4096,0,1
1712,0,4096,1
1713,4096,0,1
1714,4096,0,1
1715,0,4096,1
1716,4096,0,1
1717,0,4096,1
1718,4096,0,1
1719,0,4096,1
1720,4096,0,1
1721,0,4096,1
1722,4096,0,1
1723,0,4096,1
1724,4096,0,1
1725,0,4096,1
1726,4096,0,1
1727,0,4096,1
1728,4096,0,1
1729,0,4096,1
1730,4096,0,1
1731,4096,0,1
1732,0,4096,1
1733,4096,0,1
1734,0,4096,1
1735,4096,0,1
1736,0,4096,1
1737,4096,0,1
1738,0,4096,1
1739,4096,0,1
1740,0,4096,1
1741,4096,0,1
1742,0,4096,1
1743,4096,0,1
1744,0,4096,1
1745,4096,0,1
1746,4096,0,1
1747,0,4096,1
1748,4096,0,1
1749,0,4096,1
1750,4096,0,1
1751,0,4096,1
1752,4096,0,1
1753,0,4096,1
1754,4096,0,1
1755,0,4096,1
1756,4096,0,1
1757,0,4096,1
1758,4096,0,1
1759,0,4096,1
1760,4096,0,1
1761,4096,0,1
1762,0,4096,1
1763,4096,0,1
1764,0,4096,1
1765,4096,0,1
1766,0,4096,1
1767,4096,0,1
1768,0,4096,1
1769,4096,0,1
1770,0,4096,1
1771,4096,0,1
1772,0,4096,1
1773,4096,0,1
1774,0,4096,1
1775,4096,0,1
1776,4096,0,1
1777,0,4096,1
1778,4096,0,1
1779,0,4096,1
1780,4096,0,1
1781,4096,0,1
1782,0,4096,1
1783,4096,0,1
1784,0,4096,1
1785,4096,0,1
1786,4096,0,1
1787,0,4096,1
1788,4096,0,1
1789,0,4096,1
1790,4096,0,1
1791,0,4096,1
1792,4096,0,1
1793,0,4096,1
1794,4096,0,1
1795,0,4096,1
1796,4096,0,1
1797,0,4096,1
1798,4096,0,1
1799,0,4096,1
1800,4096,0,1
1801,0,4096,1
1802,4096,0,1
1803,4096,0,1
1804,0,4096,1
1805,4096,0,1
1806,0,4096,1
1807,4096,0,1
1808,0,4096,1
1809,4096,0,1
1810,0,4096,1
1811,4096,0,1
1812,0,4096,1
1813,4096,0,1
1814,0,4096,1
1815,4096,0,1
1816,0,4096,1
1817,4096,0,1
1818,4096,0,1
1819,0,4096,1
1820,4096,0,1
1821,0,4096,1
1822,4096,0,1
1823,0,4096,1
1824,4096,0,1
1825,0,4096,1
1826,4096,0,1
1827,0,4096,1
1828,4096,0,1
1829,0,4096,1
1830,4096,0,1
1831,0,4096,1
1832,4096,0,1
1833,4096,0,1
1834,0,4096,1
1835,4096,0,1
1836,0,4096,1
1837,4096,0,1
1838,0,4096,1
1839,4096,0,1
1840,0,4096,1
1841,4096,0,1
1842,0,4096,1
1843,4096,0,1
1844,0,4096,1
1845,4096,0,1
1846,0,4096,1
1847,4096,0,1
1848,4096,0,1
1849,0,4096,1
1850,4096,0,1
1851,0,4096,1
1852,4096,0,1
1853,4096,0,1
1854,0,4096,1
1855,4096,0,1
1856,0,4096,1
1857,4096,0,1
1858,4096,0,1
1859,0,4096,1
1860,4096,0,1
1861,0,4096,1
1862,4096,0,1
1863,0,4096,1
1864,4096,0,1
1865,0,4096,1
1866,4096,0,1
1867,0,4096,1
1868,4096,0,1
1869,0,4096,1
1870,4096,0,1
1871,0,4096,1
1872,4096,0,1
1873,0,4096,1
1874,4096,0,1
1875,4096,0,1
1876,0,4096,1
1877,4096,0,1
1878,0,4096,1
1879,4096,0,1
1880,0,4096,1
1881,4096,0,1
1882,0,4096,1
1883,4096,0,1
1884,0,4096,1
1885,4096,0,1
1886,0,4096,1
1887,4096,0,1
1888,0,4096,1
1889,4096,0,1
1890,4096,0,1
1891,0,4096,1
1892,4096,0,1
1893,0,4096,1
1894,4096,0,1
1895,0,4096,1
1896,4096,0,1
1897,0,4096,1
1898,4096,0,1
1899,0,4096,1
1900,4096,0,1
1901,0,4096,1
1902,4096,0,1
1903,0,4096,1
1904,4096,0,1
1905,4096,0,1
1906,0,4096,1
1907,4096,0,1
1908,0,4096,1
1909,4096,0,1
1910,0,4096,1
1911,4096,0,1
1912,0,4096,1
1913,4096,0,1
1914,0,4096,1
1915,4096,0,1
1916,0,4096,1
1917,4096,0,1
1918,0,4096,1
1919,4096,0,1
1920,4096,0,1
1921,0,4096,1
1922,4096,0,1
1923,0,4096,1
1924,4096,0,1
1925,4096,0,1
1926,0,4096,1
1927,4096,0,1
1928,0,4096,1
1929,4096,0,1
1930,4096,0,1
1931,0,4096,1
1932,4096,0,1
1933,0,4096,1
1934,4096,0,1
1935,0,4096,1
1936,4096,0,1
1937,0,4096,1
1938,4096,0,1
1939,0,4096,1
1940,4096,0,1
1941,0,4096,1
1942,4096,0,1
1943,0,4096,1
1944,4096,0,1
1945,0,4096,1
1946,4096,0,1
1947,4096,0,1
1948,0,4096,1
1949,4096,0,1
1950,0,4096,1
1951,4096,0,1
1952,0,4096,1
1953,4096,0,1
1954,0,4096,1
1955,4096,0,1
1956,0,4096,1
1957,4096,0,1
1958,0,4096,1
1959,4096,0,1
1960,0,4096,1
1961,4096,0,1
1962,4096,0,1
1963,0,4096,1
1964,4096,0,1
1965,0,4096,1
1966,4096,0,1
1967,0,4096,1
1968,4096,0,1
1969,0,4096,1
1970,4096,0,1
1971,0,4096,1
1972,4096,0,1
1973,0,4096,1
1974,4096,0,1
1975,0,4096,1
1976,4096,0,1
1977,4096,0,1
1978,0,4096,1
1979,4096,0,1
1980,0,4096,1
1981,4096,0,1
1982,0,4096,1
1983,4096,0,1
1984,0,4096,1
1985,4096,0,1
1986,0,4096,1
1987,4096,0,1
1988,0,4096,1
1989,4096,0,1
1990,0,4096,1
1991,4096,0,1
1992,4096,0,1
1993,0,4096,1
1994,4096,0,1
1995,0,4096,1
1996,4096,0,1
1997,4096,0,1
1998,0,4096,1
1999,4096,0,1
2000,0,4096,1
2001,4096,0,1
2002,4096,0,1
2003,0,4096,1
2004,4096,0,1
2005,0,4096,1
2006,4096,0,1
2007,0,4096,1
2008,4096,0,1
2009,0,4096,1
2010,4096,0,1
2011,0,4096,1
2012,4096,0,1
2013,0,4096,1
2014,4096,0,1
2015,0,4096,1
2016,4096,0,1
2017,0,4096,1
2018,4096,0,1
2019,4096,0,1
2020,0,4096,1
2021,4096,0,1
2022,0,4096,1
2023,4096,0,1
2024,0,4096,1
2025,4096,0,1
2026,0,4096,1
2027,4096,0,1
2028,0,4096,1
2029,4096,0,1
2030,0,4096,1
2031,4096,0,1
2032,0,4096,1
2033,4096,0,1
2034,4096,0,1
2035,0,4096,1
2036,4096,0,1
2037,0,4096,1
2038,4096,0,1
2039,0,4096,1
2040,4096,0,1
2041,0,4096,1
2042,4096,0,1
2043,0,4096,1
2044,4096,0,1
2045,0,4096,1
2046,4096,0,1
2047,0,4096,1
2048,4096,0,1
2049,4096,0,1
2050,0,4096,1
2051,4096,0,1
2052,0,4096,1
2053,4096,0,1
2054,0,4096,1
2055,4096,0,1
2056,0,4096,1
2057,4096,0,1
2058,0,4096,1
2059,4096,0,1
2060,0,4096,1
2061,4096,0,1
2062,0,4096,1
2063,4096,0,1
2064,4096,0,1
2065,0,4096,1
2066,4096,0,1
2067,0,4096,1
2068,4096,0,1
2069,4096,0,1
2070,0,4096,1
2071,4096,0,1
2072,0,4096,1
2073,4096,0,1
2074,4096,0,1
2075,0,4096,1
2076,4096,0,1
2077,0,4096,1
2078,4096,0,1
2079,0,4096,1
2080,4096,0,1
2081,0,4096,1
2082,4096,0,1
2083,0,4096,1
2084,4096,0,1
2085,0,4096,1
2086,4096,0,1
2087,0,4096,1
2088,4096,0,1
2089,0,4096,1
2090,4096,0,1
2091,4096,0,1
2092,0,4096,1
2093,4096,0,1
2094,0,4096,1
2095,4096,0,1
2096,0,4096,1
2097,4096,0,1
2098,0,4096,1
2099,4096,0,1
2100,0,4096,1
2101,4096,0,1
2102,0,4096,1
2103,4096,0,1
2104,0,4096,1
2105,4096,0,1
2106,4096,0,1
2107,0,4096,1
2108,4096,0,1
2109,0,4096,1
2110,4096,0,1
2111,0,4096,1
2112,4096,0,1
2113,0,4096,1
2114,4096,0,1
2115,0,4096,1
2116,4096,0,1
2117,0,4096,1
2118,4096,0,1
2119,0,4096,1
2120,4096,0,1
2121,4096,0,1
2122,0,4096,1
2123,4096,0,1
2124,0,4096,1
2125,4096,0,1
2126,0,4096,1
2127,4096,0,1
2128,0,4096,1
2129,4096,0,1
2130,0,4096,1
2131,4096,0,1
2132,0,4096,1
2133,4096,0,1
2134,0,4096,1
2135,4096,0,1
2136,4096,0,1
2137,0,4096,1
2138,4096,0,1
2139,0,4096,1
2140,4096,0,1
2141,4096,0,1
2142,0,4096,1
2143,4096,0,1
2144,0,4096,1
2145,4096,0,1
2146,4096,0,1
2147,0,4096,1
2148,4096,0,1
2149,0,4096,1
2150,4096,0,1
2151,0,4096,1
2152,4096,0,1
2153,0,4096,1
2154,4096,0,1
2155,0,4096,1
2156,4096,0,1
2157,0,4096,1
2158,4096,0,1
2159,0,4096,1
2160,4096,0,1
2161,0,4096,1
2162,4096,0,1
2163,4096,0,1
2164,0,4096,1
2165,4096,0,1
2166,0,4096,1
2167,4096,0,1
2168,0,4096,1
2169,4096,0,1
2170,0,4096,1
2171,4096,0,1
2172,0,4096,1
2173,4096,0,1
2174,0,4096,1
2175,4096,0,1
2176,0,4096,1
2177,4096,0,1
2178,4096,0,1
2179,0,4096,1
2180,4096,0,1
2181,0,4096,1
2182,4096,0,1
2183,0,4096,1
2184,4096,0,1
2185,0,4096,1
2186,4096,0,1
2187,0,4096,1
2188,4096,0,1
2189,0,4096,1
2190,4096,0,1
2191,0,4096,1
2192,4096,0,1
2193,4096,0,1
2194,0,4096,1
2195,4096,0,1
2196,0,4096,1
2197,4096,0,1
2198,0,4096,1
2199,4096,0,1
2200,0,4096,1
2201,4096,0,1
2202,0,4096,1
2203,4096,0,1
2204,0,4096,1
2205,4096,0,1
2206,0,4096,1
2207,4096,0,1
2208,4096,0,1
2209,0,4096,1
2210,4096,0,1
2211,0,4096,1
2212,4096,0,1
2213,4096,0,1
2214,0,4096,1
2215,4096,0,1
2216,0,4096,1
2217,4096,0,1
2218,4096,0,1
2219,0,4096,1
2220,4096,0,1
2221,0,4096,1
2222,4096,0,1
2223,0,4096,1
2224,4096,0,1
2225,0,4096,1
2226,4096,0,1
2227,0,4096,1
2228,4096,0,1
2229,0,4096,1
2230,4096,0,1
2231,0,4096,1
2232,4096,0,1
2233,0,4096,1
2234,4096,0,1
2235,4096,0,1
2236,0,4096,1
2237,4096,0,1
2238,0,4096,1
2239,4096,0,1
2240,0,4096,1
2241,4096,0,1
2242,0,4096,1
2243,4096,0,1
2244,0,4096,1
2245,4096,0,1
2246,0,4096,1
2247,4096,0,1
2248,0,4096,1
2249,4096,0,1
2250,4096,0,1
2251,0,4096,1
2252,4096,0,1
2253,0,4096,1
2254,4096,0,1
2255,0,4096,1
2256,4096,0,1
2257,0,4096,1
2258,4096,0,1
2259,0,4096,1
2260,4096,0,1
2261,0,4096,1
2262,4096,0,1
2263,0,4096,1
2264,4096,0,1
2265,4096,0,1
2266,0,4096,1
2267,4096,0,1
2268,0,4096,1
2269,4096,0,1
2270,0,4096,1
2271,4096,0,1
2272,0,4096,1
2273,4096,0,1
2274,0,4096,1
2275,4096,0,1
2276,0,4096,1
2277,4096,0,1
2278,0,4096,1
2279,4096,0,1
2280,4096,0,1
2281,0,4096,1
2282,4096,0,1
2283,0,4096,1
2284,4096,0,1
2285,4096,0,1
2286,0,4096,1
2287,4096,0,1
2288,0,4096,1
2289,4096,0,1
2290,4096,0,1
2291,0,4096,1
2292,4096,0,1
2293,0,4096,1
2294,4096,0,1
2295,0,4096,1
2296,4096,0,1
2297,0,4096,1
2298,4096,0,1
2299,0,4096,1
2300,4096,0,1
2301,0,4096,1
2302,4096,0,1
2303,0,4096,1
2304,4096,0,1
2305,0,4096,1
2306,4096,0,1
2307,4096,0,1
2308,0,4096,1
2309,4096,0,1
2310,0,4096,1
2311,4096,0,1
2312,0,4096,1
2313,4096,0,1
2314,0,4096,1
2315,4096,0,1
2316,0,4096,1
2317,4096,0,1
2318,0,4096,1
2319,4096,0,1
2320,0,4096,1
2321,4096,0,1
2322,4096,0,1
2323,0,4096,1
2324,4096,0,1
2325,0,4096,1
2326,4096,0,1
2327,0,4096,1
2328,4096,0,1
2329,0,4096,1
2330,4096,0,1
2331,0,4096,1
2332,4096,0,1
2333,0,4096,1
2334,4096,0,1
2335,0,4096,1
2336,4096,0,1
2337,4096,0,1
2338,0,4096,1
2339,4096,0,1
2340,0,4096,1
2341,4096,0,1
2342,0,4096,1
2343,4096,0,1
2344,0,4096,1
2345,4096,0,1
2346,0,4096,1
2347,4096,0,1
2348,0,4096,1
2349,4096,0,1
2350,0,4096,1
2351,4096,0,1
2352,4096,0,1
2353,0,4096,1
2354,4096,0,1
2355,0,4096,1
2356,4096,0,1
2357,4096,0,1
2358,0,4096,1
2359,4096,0,1
2360,0,4096,1
2361,4096,0,1
2362,4096,0,1
2363,0,4096,1
2364,4096,0,1
2365,0,4096,1
2366,4096,0,1
2367,0,4096,1
2368,4096,0,1
2369,0,4096,1
2370,4096,0,1
2371,0,4096,1
2372,4096,0,1
2373,0,4096,1
2374,4096,0,1
2375,0,4096,1
2376,4096,0,1
2377,0,4096,1
2378,4096,0,1
2379,4096,0,1
2380,0,4096,1
2381,4096,0,1
2382,0,4096,1
2383,4096,0,1
2384,0,4096,1
2385,4096,0,1
2386,0,4096,1
2387,4096,0,1
2388,0,4096,1
2389,4096,0,1
2390,0,4096,1
2391,4096,0,1
2392,0,4096,1
2393,4096,0,1
2394,4096,0,1
2395,0,4096,1
2396,4096,0,1
2397,0,4096,1
2398,4096,0,1
2399,0,4096,1
2400,4096,0,1
2401,0,4096,1
2402,4096,0,1
2403,0,4096,1
2404,4096,0,1
2405,0,4096,1
2406,4096,0,1
2407,0,4096,1
2408,4096,0,1
2409,4096,0,1
2410,0,4096,1
2411,4096,0,1
2412,0,4096,1
2413,4096,0,1
2414,0,4096,1
2415,4096,0,1
2416,0,4096,1
2417,4096,0,1
2418,0,4096,1
2419,4096,0,1
2420,0,4096,1
2421,4096,0,1
2422,0,4096,1
2423,4096,0,1
2424,4096,0,1
2425,0,4096,1
2426,4096,0,1
2427,0,4096,1
2428,4096,0,1
2429,4096,0,1
2430,0,4096,1
2431,4096,0,1
2432,0,4096,1
2433,4096,0,1
2434,4096,0,1
2435,0,4096,1
2436,4096,0,1
2437,0,4096,1
2438,4096,0,1
2439,0,4096,1
2440,4096,0,1
2441,0,4096,1
2442,4096,0,1
2443,0,4096,1
2444,4096,0,1
2445,0,4096,1
2446,4096,0,1
2447,0,4096,1
2448,4096,0,1
2449,0,4096,1
2450,4096,0,1
2451,4096,0,1
2452,0,4096,1
2453,4096,0,1
2454,0,4096,1
2455,4096,0,1
2456,0,4096,1
2457,4096,0,1
2458,0,4096,1
2459,4096,0,1
2460,0,4096,1
2461,4096,0,1
2462,0,4096,1
2463,4096,0,1
2464,0,4096,1
2465,4096,0,1
2466,4096,0,1
2467,0,4096,1
2468,4096,0,1
2469,0,4096,1
2470,4096,0,1
2471,0,4096,1
2472,4096,0,1
2473,0,4096,1
2474,4096,0,1
2475,0,4096,1
2476,4096,0,1
2477,0,4096,1
2478,4096,0,1
2479,0,4096,1
2480,4096,0,1
2481,4096,0,1
2482,0,4096,1
2483,4096,0,1
2484,0,4096,1
2485,4096,0,1
2486,0,4096,1
2487,4096,0,1
2488,0,4096,1
2489,4096,0,1
2490,0,4096,1
2491,4096,0,1
2492,0,4096,1
2493,4096,0,1
2494,0,4096,1
2495,4096,0,1
2496,4096,0,1
2497,0,4096,1
2498,4096,0,1
2499,0,4096,1
2500,4096,0,1
2501,4096,0,1
2502,0,4096,1
2503,4096,0,1
2504,0,4096,1
2505,4096,0,1
2506,4096,0,1
2507,0,4096,1
2508,4096,0,1
2509,0,4096,1
2510,4096,0,1
2511,0,4096,1
2512,4096,0,1
2513,0,4096,1
2514,4096,0,1
2515,0,4096,1
2516,4096,0,1
2517,0,4096,1
2518,4096,0,1
2519,0,4096,1
2520,4096,0,1
2521,0,4096,1
2522,4096,0,1
2523,4096,0,1
2524,0,4096,1
2525,4096,0,1
2526,0,4096,1
2527,4096,0,1
2528,0,4096,1
2529,4096,0,1
2530,0,4096,1
2531,4096,0,1
2532,0,4096,1
2533,4096,0,1
2534,0,4096,1
2535,4096,0,1
2536,0,4096,1
2537,4096,0,1
2538,4096,0,1
2539,0,4096,1
2540,4096,0,1
2541,0,4096,1
2542,4096,0,1
2543,0,4096,1
2544,4096,0,1
2545,0,4096,1
2546,4096,0,1
2547,0,4096,1
2548,4096,0,1
2549,0,4096,1
2550,4096,0,1
2551,0,4096,1
2552,4096,0,1
2553,4096,0,1
2554,0,4096,1
2555,4096,0,1
2556,0,4096,1
2557,4096,0,1
2558,0,4096,1
2559,4096,0,1
2560,0,4096,1
2561,4096,0,1
2562,0,4096,1
2563,4096,0,1
2564,0,4096,1
2565,4096,0,1
2566,0,4096,1
2567,4096,0,1
2568,4096,0,1
2569,0,4096,1
2570,4096,0,1
2571,0,4096,1
2572,4096,0,1
2573,0,4096,1
2574,4096,0,1
2575,0,4096,1
2576,4096,0,1
2577,0,4096,1
2578,4096,0,1
2579,0,4096,1
2580,4096,0,1
2581,0,4096,1
2582,4096,0,1
2583,0,4096,1
2584,4096,0,1
2585,0,4096,1
2586,4096,0,1
2587,0,4096,1
2588,4096,0,1
2589,0,4096,1
2590,4096,0,1
2591,0,4096,1
2592,4096,0,1
2593,0,4096,1
2594,4096,0,1
2595,0,4096,1
2596,4096,0,1
2597,8192,0,1
2598,0,4096,1
2599,4096,0,1
2600,832,0,1
2601,0,2106688,1
2602,0,4096,1
2603,832,0,1
2604,0,2102736,1
2605,0,4096,1
2606,832,0,1
2607,0,2106736,1
2608,0,4096,1
2609,832,0,1
2610,0,2107416,1
2611,0,4096,1
2612,832,0,1
2613,0,2108304,1
2614,0,4096,1
2615,832,0,1
2616,0,2110960,1
2617,0,4096,1
2618,832,0,1
2619,0,2107152,1
2620,0,4096,1
2621,832,0,1
2622,0,2102736,1
2623,0,4096,1
2624,832,0,1
2625,0,2103504,1
2626,0,4096,1
2627,832,0,1
2628,0,2107824,1
2629,0,4096,1
2630,832,0,1
2631,0,2110736,1
2632,0,4096,1
2633,832,0,1
2634,0,2102352,1
2635,0,4096,1
2636,832,0,1
2637,0,2102840,1
2638,0,4096,1
2639,832,0,1
2640,0,2128168,1
2641,0,4096,1
2642,832,0,1
2643,0,2110880,1
2644,0,4096,1
2645,832,0,1
2646,0,2178880,1
2647,0,4096,1
2648,0,10489856,1
2649,832,0,1
2650,0,2111000,1
2651,0,4096,1
2652,832,0,1
2653,0,2110944,1
2654,0,4096,1
2655,832,0,1
2656,0,2109104,1
2657,0,4096,1
2658,832,0,1
2659,0,2103360,1
2660,0,4096,1
2661,832,0,1
2662,0,2110944,1
2663,0,4096,1
2664,832,0,1
2665,0,2109168,1
2666,0,4096,1
2667,832,0,1
2668,0,2104528,1
2669,0,4096,1
2670,832,0,1
2671,0,2105248,1
2672,0,4096,1
2673,832,0,1
2674,0,2103672,1
2675,0,4096,1
2676,832,0,1
2677,0,2102648,1
2678,0,4096,1
2679,832,0,1
2680,0,2106544,1
2681,0,4096,1
2682,832,0,1
2683,0,2119560,1
2684,0,4096,1
2685,832,0,1
2686,0,2148304,1
2687,0,4096,1
2688,832,0,1
2689,0,2107136,1
2690,0,4096,1
2691,832,0,1
2692,0,2110696,1
2693,0,4096,1
2694,832,0,1
2695,0,2127792,1
2696,0,4096,1
2697,832,0,1
2698,0,2110744,1
2699,0,4096,1
2700,832,0,1
2701,0,2110568,1
2702,0,4096,1
2703,832,0,1
2704,0,2105128,1
2705,0,4096,1
2706,832,0,1
2707,0,2106400,1
2708,0,4096,1
2709,832,0,1
2710,0,2115048,1
2711,0,4096,1
2712,0,4096,1
2713,4096,0,1
2714,4096,0,1
2715,0,41782,1
2716,832,0,1
2717,0,2151824,1
2718,0,8192,1
2719,0,4096,1
2720,4096,0,1
2721,0,4096,1
2722,4096,0,1
2723,0,4096,1
2724,832,0,1
2725,0,2115344,1
2726,0,4096,1
2727,832,0,1
2728,0,2116136,1
2729,0,4096,1
2730,832,0,1
2731,0,2112320,1
2732,0,4096,1
2733,832,0,1
2734,0,2110984,1
2735,0,4096,1
2736,832,0,1
2737,0,2104424,1
2738,0,4096,1
2739,832,0,1
2740,0,2119616,1
2741,0,4096,1
2742,832,0,1
2743,0,2119808,1
2744,0,4096,1
2745,832,0,1
2746,0,2136176,1
2747,0,4096,1
2748,832,0,1
2749,0,2119072,1
2750,0,4096,1
2751,16,0,1
2752,0,4096,1
2753,8192,0,1
2754,4096,0,1
2755,8192,0,1
2756,0,4096,1
2757,8192,0,1
2758,4096,0,1
2759,8192,0,1
2760,0,4096,1
2761,8192,0,1
2762,4096,0,1
2763,8192,0,1
2764,0,4096,1
2765,4096,0,1
2766,0,4096,1
2767,4096,0,1
2768,20,0,1
2769,0,4096,1
2770,4096,0,1
2771,20,0,1
2772,0,4096,1
2773,4096,0,1
2774,20,0,1
2775,0,4096,1
2776,4096,0,1
2777,20,0,1
2778,0,4096,1
2779,4096,0,1
2780,20,0,1
2781,0,4096,1
2782,4096,0,1
2783,20,0,1
2784,0,4096,1
2785,4096,0,1
2786,20,0,1
2787,0,4096,1
2788,4096,0,1
2789,20,0,1
2790,0,4096,1
2791,4096,0,1
2792,20,0,1
2793,0,4096,1
2794,4096,0,1
2795,20,0,1
2796,0,4096,1
2797,4096,0,1
2798,20,0,1
2799,0,4096,1
2800,4096,0,1
2801,20,0,1
2802,0,4096,1
2803,4096,0,1
2804,20,0,1
2805,0,4096,1
2806,4096,0,1
2807,20,0,1
2808,0,4096,1
2809,4096,0,1
2810,20,0,1
2811,0,4096,1
2812,4096,0,1
2813,20,0,1
2814,0,4096,1
2815,4096,0,1
2816,20,0,1
2817,0,4096,1
2818,4096,0,1
2819,20,0,1
2820,0,4096,1
2821,4096,0,1
2822,20,0,1
2823,0,4096,1
2824,4096,0,1
2825,20,0,1
2826,0,4096,1
2827,4096,0,1
2828,20,0,1
2829,0,4096,1
2830,4096,0,1
2831,20,0,1
2832,0,4096,1
2833,4096,0,1
2834,20,0,1
2835,0,4096,1
2836,4096,0,1
2837,20,0,1
2838,0,4096,1
2839,4096,0,1
2840,20,0,1
2841,0,4096,1
2842,4096,0,1
2843,20,0,1
2844,0,4096,1
2845,4096,0,1
2846,20,0,1
2847,0,4096,1
2848,4096,0,1
2849,20,0,1
2850,0,4096,1
2851,4096,0,1
2852,20,0,1
2853,0,4096,1
2854,4096,0,1
2855,20,0,1
2856,0,4096,1
2857,4096,0,1
2858,20,0,1
2859,0,4096,1
2860,4096,0,1
2861,20,0,1
2862,8,0,1
2863,28,0,1
2864,83,0,1
2865,28,0,1
2866,82,0,1
2867,28,0,1
2868,82,0,1
2869,28,0,1
2870,82,0,1
2871,28,0,1
2872,82,0,1
2873,28,0,1
2874,82,0,1
2875,28,0,1
2876,82,0,1
2877,28,0,1
2878,82,0,1
2879,28,0,1
2880,82,0,1
2881,28,0,1
2882,82,0,1
2883,28,0,1
2884,82,0,1
2885,28,0,1
2886,83,0,1
2887,28,0,1
2888,83,0,1
2889,28,0,1
2890,83,0,1
2891,28,0,1
2892,83,0,1
2893,28,0,1
2894,83,0,1
2895,28,0,1
2896,83,0,1
2897,28,0,1
2898,83,0,1
2899,28,0,1
2900,83,0,1
2901,28,0,1
2902,83,0,1
2903,28,0,1
2904,83,0,1
2905,28,0,1
2906,83,0,1
2907,28,0,1
2908,83,0,1
2909,28,0,1
2910,83,0,1
2911,28,0,1
2912,83,0,1
2913,28,0,1
2914,83,0,1
2915,28,0,1
2916,83,0,1
2917,28,0,1
2918,83,0,1
2919,28,0,1
2920,83,0,1
2921,28,0,1
2922,83,0,1
2923,28,0,1
2924,83,0,1
2925,8,0,1
2926,83,0,1
2927,28,0,1
2928,83,0,1
2929,28,0,1
2930,296,0,1
2931,28,0,1
2932,294,0,1
2933,28,0,1
2934,294,0,1
2935,28,0,1
2936,294,0,1
2937,28,0,1
2938,294,0,1
2939,28,0,1
2940,294,0,1
2941,28,0,1
2942,294,0,1
2943,28,0,1
2944,294,0,1
2945,28,0,1
2946,294,0,1
2947,28,0,1
2948,294,0,1
2949,28,0,1
2950,294,0,1
2951,28,0,1
2952,296,0,1
2953,28,0,1
2954,296,0,1
2955,28,0,1
2956,296,0,1
2957,28,0,1
2958,296,0,1
2959,28,0,1
2960,296,0,1
2961,28,0,1
2962,296,0,1
2963,28,0,1
2964,296,0,1
2965,28,0,1
2966,296,0,1
2967,28,0,1
2968,296,0,1
2969,28,0,1
2970,296,0,1
2971,28,0,1
2972,296,0,1
2973,28,0,1
2974,296,0,1
2975,28,0,1
2976,296,0,1
2977,28,0,1
2978,296,0,1
2979,28,0,1
2980,296,0,1
2981,28,0,1
2982,296,0,1
2983,28,0,1
2984,296,0,1
2985,28,0,1
2986,296,0,1
2987,28,0,1
2988,296,0,1
2989,28,0,1
2990,296,0,1
2991,28,0,1
2992,296,0,1
2993,296,0,1
2994,28,0,1
2995,8,0,1
2996,28,0,1
2997,8,0,1
2998,28,0,1
2999,8,0,1
3000,28,0,1
3001,8,0,1
3002,28,0,1
3003,8,0,1
3004,28,0,1
3005,8,0,1
3006,28,0,1
3007,8,0,1
3008,28,0,1
3009,8,0,1
3010,28,0,1
3011,8,0,1
3012,28,0,1
3013,8,0,1
3014,28,0,1
3015,8,0,1
3016,28,0,1
3017,8,0,1
3018,28,0,1
3019,8,0,1
3020,28,0,1
3021,8,0,1
3022,28,0,1
3023,8,0,1
3024,28,0,1
3025,8,0,1
3026,28,0,1
3027,8,0,1
3028,28,0,1
3029,8,0,1
3030,28,0,1
3031,8,0,1
3032,28,0,1
3033,8,0,1
3034,28,0,1
3035,8,0,1
3036,28,0,1
3037,8,0,1
3038,28,0,1
3039,8,0,1
3040,28,0,1
3041,8,0,1
3042,28,0,1
3043,8,0,1
3044,28,0,1
3045,8,0,1
3046,28,0,1
3047,8,0,1
3048,28,0,1
3049,8,0,1
3050,28,0,1
3051,8,0,1
3052,28,0,1
3053,8,0,1
3054,28,0,1
3055,8,0,1
3056,28,0,1
3057,8,0,1
3058,8,0,1
3059,4096,0,1
3060,4096,0,1
3061,28,0,1
3062,8,0,1
3063,4096,0,1
3064,28,0,1
3065,8,0,1
3066,28,0,1
3067,8,0,1
3068,28,0,1
3069,8,0,1
3070,28,0,1
3071,8,0,1
3072,28,0,1
3073,8,0,1
3074,28,0,1
3075,8,0,1
3076,28,0,1
3077,8,0,1
3078,28,0,1
3079,8,0,1
3080,28,0,1
3081,8,0,1
3082,28,0,1
3083,8,0,1
3084,28,0,1
3085,8,0,1
3086,28,0,1
3087,8,0,1
3088,28,0,1
3089,8,0,1
3090,28,0,1
3091,8,0,1
3092,28,0,1
3093,8,0,1
3094,28,0,1
3095,8,0,1
3096,28,0,1
3097,8,0,1
3098,28,0,1
3099,8,0,1
3100,28,0,1
3101,8,0,1
3102,28,0,1
3103,8,0,1
3104,28,0,1
3105,8,0,1
3106,28,0,1
3107,8,0,1
3108,28,0,1
3109,8,0,1
3110,28,0,1
3111,8,0,1
3112,28,0,1
3113,8,0,1
3114,28,0,1
3115,8,0,1
3116,28,0,1
3117,8,0,1
3118,28,0,1
3119,8,0,1
3120,28,0,1
3121,8,0,1
3122,28,0,1
3123,8,0,1
3124,28,0,1
3125,8,0,1
3126,8,0,1
3127,28,0,1
3128,5,0,1
3129,28,0,1
3130,5,0,1
3131,28,0,1
3132,5,0,1
3133,28,0,1
3134,5,0,1
3135,28,0,1
3136,5,0,1
3137,28,0,1
3138,5,0,1
3139,28,0,1
3140,5,0,1
3141,28,0,1
3142,5,0,1
3143,28,0,1
3144,28,0,1
3145,28,0,1
3146,28,0,1
3147,28,0,1
3148,28,0,1
3149,5,0,1
3150,28,0,1
3151,5,0,1
3152,28,0,1
3153,5,0,1
3154,28,0,1
3155,5,0,1
3156,28,0,1
3157,5,0,1
3158,28,0,1
3159,5,0,1
3160,28,0,1
3161,5,0,1
3162,28,0,1
3163,5,0,1
3164,28,0,1
3165,5,0,1
3166,28,0,1
3167,5,0,1
3168,28,0,1
3169,5,0,1
3170,4096,0,1
3171,4096,0,1
3172,4096,0,1
3173,28,0,1
3174,5,0,1
3175,28,0,1
3176,5,0,1
3177,28,0,1
3178,5,0,1
3179,28,0,1
3180,5,0,1
3181,28,0,1
3182,5,0,1
3183,28,0,1
3184,28,0,1
3185,28,0,1
3186,28,0,1
3187,5,0,1
3188,28,0,1
3189,5,0,1
3190,28,0,1
3191,5,0,1
3192,28,0,1
3193,5,0,1
3194,4096,0,1
3195,4096,0,1
3196,4096,0,1
3197,4096,0,1
3198,4096,0,1
3199,4096,0,1
3200,4096,0,1
3201,4096,0,1
3202,4096,0,1
3203,28,0,1
3204,28,0,1
3205,5,0,1
3206,28,0,1
3207,28,0,1
3208,28,0,1
3209,28,0,1
3210,28,0,1
3211,28,0,1
3212,28,0,1
3213,28,0,1
3214,28,0,1
3215,5,0,1
3216,4096,0,1
3217,4096,0,1
3218,4096,0,1
3219,4096,0,1
3220,4096,0,1
3221,4096,0,1
3222,4096,0,1
3223,4096,0,1
3224,4096,0,1
3225,28,0,1
3226,5,0,1
3227,28,0,1
3228,28,0,1
3229,4096,0,1
3230,4096,0,1
3231,4096,0,1
3232,4096,0,1
3233,4096,0,1
3234,4096,0,1
3235,4096,0,1
3236,4096,0,1
3237,4096,0,1
3238,4096,0,1
3239,4096,0,1
3240,28,0,1
3241,28,0,1
3242,4096,0,1
3243,4096,0,1
3244,28,0,1
3245,28,0,1
3246,28,0,1
3247,28,0,1
3248,28,0,1
3249,28,0,1
3250,4096,0,1
3251,4096,0,1
3252,4096,0,1
3253,4096,0,1
3254,4096,0,1
3255,4096,0,1
3256,4096,0,1
3257,4096,0,1
3258,4096,0,1
3259,4096,0,1
3260,4096,0,1
3261,4096,0,1
3262,4096,0,1
3263,4096,0,1
3264,4096,0,1
3265,4096,0,1
3266,4096,0,1
3267,4096,0,1
3268,4096,0,1
3269,4096,0,1
3270,4096,0,1
3271,4096,0,1
3272,4096,0,1
3273,4096,0,1
3274,4096,0,1
3275,4096,0,1
3276,4096,0,1
3277,28,0,1
3278,4096,0,1
3279,4096,0,1
3280,4096,0,1
3281,4096,0,1
3282,4096,0,1
3283,4096,0,1
3284,4096,0,1
3285,4096,0,1
3286,4096,0,1
3287,4096,0,1
3288,4096,0,1
3289,4096,0,1
3290,4096,0,1
3291,4096,0,1
3292,4096,0,1
3293,4096,0,1
3294,4096,0,1
3295,4096,0,1
3296,4096,0,1
3297,4096,0,1
3298,4096,0,1
3299,4096,0,1
3300,4096,0,1
3301,4096,0,1
3302,4096,0,1
3303,4096,0,1
3304,28,0,1
3305,28,0,1
3306,4096,0,1
3307,4096,0,1
3308,4096,0,1
3309,28,0,1
3310,5,0,1
3311,4096,0,1
3312,4096,0,1
3313,4096,0,1
3314,5,0,1
3315,28,0,1
3316,28,0,1
3317,4096,0,1
3318,4096,0,1
3319,4096,0,1
3320,0,0,1